source,target,letters
"Jefferson, Thomas","Madison, James",1207
"Adams, Abigail Smith","Adams, John",1087
"Madison, James","Monroe, James",1002
"Heath, William","Washington, George",990
"Gallatin, Albert","Jefferson, Thomas",968
"Knox, Henry","Washington, George",726
"Hamilton, Alexander","Washington, George",676
"Hamilton, Alexander","McHenry, James",571
"Jefferson, Thomas","Washington, George",562
"Jefferson, George","Jefferson, Thomas",556
"Adams, John","Adams, John Quincy",555
"Jefferson, Thomas","Short, William",544
"Jefferson, Thomas","Monroe, James",508
"Adams, Abigail Smith","Adams, John Quincy",507
"Hancock, John","Washington, George",501
"Pickering, Timothy","Washington, George",486
"Greene, Nathanael","Washington, George",466
"Dearborn, Henry","Jefferson, Thomas",456
"Adams, John Quincy","Adams, Louisa Catherine Johnson",455
"Gallatin, Albert","Madison, James",407
"Franklin, Benjamin","Williams, Jonathan Jr.",405
"Lincoln, Benjamin","Washington, George",400
"Claiborne, William C. C.","Madison, James",385
"Jefferson, Thomas","Peyton, Bernard",383
"Randolph, Edmund","Washington, George",378
"Clinton, George","Washington, George",375
"Jefferson, Thomas","Smith, Robert",369
"Sullivan, John","Washington, George",367
"Barnes, John","Jefferson, Thomas",362
"Trumbull, Jonathan Sr.","Washington, George",348
"Adams, John","Jefferson, Thomas",333
"Lafayette, Marie-Joseph-Paul-Yves-Roch-Gilbert du Motier marquis de","Washington, George",332
"Adams, John","Van der Kemp, François Adriaan",321
"McHenry, James","Washington, George",307
"Gates, Horatio","Washington, George",305
"Adams, Abigail Smith","Cranch, Mary Smith",301
"Huntington, Samuel","Washington, George",301
"Dumas, Charles-Guillaume-Frédéric","Franklin, Benjamin",300
"Livingston, William","Washington, George",299
"Coxe, Tench","Hamilton, Alexander",299
"Rochambeau, Jean-Baptiste Donatien de Vimeur comte de","Washington, George",298
"Schuyler, Philip","Washington, George",297
"Adams, John","Pickering, Timothy",296
"Jefferson, Thomas","Randolph, Thomas Mann",295
"Adams, John Quincy","Adams, Thomas Boylston",295
"Adams, John","Rush, Benjamin",278
"McDougall, Alexander","Washington, George",275
"Gibson, Patrick","Jefferson, Thomas",274
"Jay, John","Washington, George",270
"Howe, Robert","Washington, George",270
"Madison, James","Randolph, Edmund",267
"Putnam, Israel","Washington, George",258
"Morris, Robert","Washington, George",257
"Board of War,","Washington, George",256
"Laurens, Henry","Washington, George",251
"Pearce, William","Washington, George",250
"Lear, Tobias","Washington, George",245
"Adams, John","McHenry, James",240
"Adams, John","Jay, John",236
"Franklin, Benjamin","Vergennes, Charles Gravier comte de",233
"Hamilton, Alexander","Olney, Jeremiah",231
"Adams, John","President of Congress,",228
"Erving, George W.","Madison, James",227
"Washington, George","Wayne, Anthony",225
"Stirling, Lord (né William Alexander)","Washington, George",220
"Biddle, Clement","Washington, George",220
"Ellery, William","Hamilton, Alexander",216
"Madison, James","Pendleton, Edmund",215
"Adams, John","Adams, Louisa Catherine Johnson",214
"Adams, John","Warren, James",207
"Cabell, Joseph Carrington","Jefferson, Thomas",206
"Reed, Joseph","Washington, George",205
"Adams, John","Stoddert, Benjamin",205
"Adams, Abigail Smith","Peabody, Elizabeth Smith Shaw",203
"Coxe, Tench","Madison, James",203
"Hamilton, Alexander","Lincoln, Benjamin",202
"Adams, John","Wolcott, Oliver Jr.",202
"Jefferson,","Jefferson, Thomas",197
"Hamilton, Alexander","Wolcott, Oliver Jr.",197
"Adams, John","United States Senate,",196
"Jefferson, Thomas","Peale, Charles Willson",196
"Jefferson, Thomas","Latrobe, Benjamin Henry",192
"Maxwell, William","Washington, George",190
"Jefferson, Thomas","Lafayette, Marie-Joseph-Paul-Yves-Roch-Gilbert du Motier marquis de",188
"Armstrong, John","Madison, James",188
"Livingston, Robert R.","Madison, James",186
"Madison, James","Pinkney, William",186
"Eppes, John Wayles","Jefferson, Thomas",185
"Madison, James","Trist, Nicholas P.",185
"Dallas, Alexander J.","Madison, James",184
"Adams, John","Jenings, Edmund",182
"Brockenbrough, Arthur S.","Jefferson, Thomas",182
"Tallmadge, Benjamin","Washington, George",180
"Jefferson, Thomas","Vaughan, John",180
"Peters, Richard","Washington, George",175
"King, Rufus","Madison, James",175
"Bourne, Sylvanus","Madison, James",175
"Adams, John","Franklin, Benjamin",174
"Claiborne, William C. C.","Jefferson, Thomas",174
"Jarvis, William","Madison, James",173
"Parsons, Samuel Holden","Washington, George",170
"Jones, Joseph","Madison, James",170
"Hamilton, Alexander","Smith, William Stephens",170
"Harrison, Benjamin","Virginia Delegates,",165
"Franklin, Benjamin","Franklin, Deborah",161
"Adams, Abigail Smith","Adams, Thomas Boylston",160
"Dumas, Charles William Frederic","Jefferson, Thomas",159
"Jefferson, Thomas","Reibelt, J. Phillipe",158
"Jefferson, Thomas","Limozin, André",157
"Madison, James","Pinckney, Charles",156
"Madison, James","Merry, Anthony",156
"Madison, James","Madison, James Sr.",155
"Adams, John","Dumas, Charles William Frederic",155
"Adams, John","Huntington, Samuel",154
"United States Senate,","Washington, George",154
"Bacon, Edmund","Jefferson, Thomas",153
"Jay, John","Jefferson, Thomas",152
"Jones, William","Madison, James",152
"Hamilton, Alexander","Williams, Otho H.",151
"Lee, William","Madison, James",151
"Clinton, James","Washington, George",150
"Steuben, Friedrich Wilhelm Ludolf Gerhard Augustin Baron [von]","Washington, George",149
"La Luzerne, Anne-César chevalier de","Washington, George",148
"Madison, James","Washington, George",148
"Washington, George","Washington, Lund",147
"Adams, John","Gerry, Elbridge",147
"Eustis, William","Madison, James",147
"Dinwiddie, Robert","Washington, George",145
"Lee, Henry Jr.","Washington, George",145
"Franklin, Benjamin","Hartley, David",144
"Gavino, John","Madison, James",144
"St. Clair, Arthur","Washington, George",143
"Graham, John","Madison, James",143
"Robert Cary & Company,","Washington, George",142
"Morris, Gouverneur","Washington, George",140
"Madison, James","Maury, James",140
"Jefferson, Thomas","Randolph, Thomas Mann Jr.",139
"Jefferson, Thomas","Peyton, Craven",139
"Huntington, Samuel","Jefferson, Thomas",138
"Coxe, Tench","Jefferson, Thomas",138
"Lee, Henry","Washington, George",136
"Adams, John","United States House of Representatives,",136
"Cathcart, James Leander","Madison, James",136
"Jefferson, Thomas","Nicholas, Wilson Cary",135
"Adams, Abigail Smith","Adams, Louisa Catherine Johnson",135
"Humphreys, David","Jefferson, Thomas",134
"Smallwood, William","Washington, George",133
"Franklin, Benjamin","Jones, John Paul",133
"Franklin, Benjamin","Sartine, Antoine-Raymond-Gualbert-Gabriel de",133
"Hamilton, Alexander","Morris, Robert",133
"Stuart, David","Washington, George",133
"Hamilton, Alexander","Seton, William",133
"Cooper, Thomas","Jefferson, Thomas",133
"Jefferson, Thomas","Smith, Samuel",132
"Madison, James","Pichon, Louis-André",132
"Dayton, Elias","Washington, George",131
"Boudinot, Elias","Washington, George",130
"Hamilton, Alexander","King, Rufus",130
"Joy, George","Madison, James",130
"United States Congress,","Washington, George",129
"Franklin, Benjamin","Strahan, William",128
"Forman, David","Washington, George",126
"Scott, Charles","Washington, George",125
"Eppes, Francis","Jefferson, Thomas",123
"Dawson, John","Madison, James",123
"Hamilton, Alexander","Lear, Tobias",123
"Hamilton, Alexander","Ogden, Aaron",122
"Adams, John","Waterhouse, Benjamin",121
"Carmichael, William","Jefferson, Thomas",121
"Hamilton, Alexander","Jefferson, Thomas",121
"Adams, John","Boston Patriot,",121
"Franklin, Benjamin","Hewson, Mary Stevenson",120
"Adams, Abigail Smith","Shaw, William Smith",120
"Hamilton, Alexander","Randolph, Edmund",120
"Jefferson, Thomas","Page, John",119
"Madison, James","Simpson, James",119
"Hamilton, Alexander","Pickering, Timothy",118
"Arnold, Benedict","Washington, George",117
"Hamilton, Alexander","Hamilton, Elizabeth",117
"Jefferson, Thomas","United States Senate,",117
"Lee, Charles","Washington, George",116
"Adams, John","Tudor, William Sr.",116
"Adams, Abigail Smith","Warren, Mercy Otis",115
"Jefferson, Thomas","Randolph, Edmund",115
"Dufief, Nicolas Gouin","Jefferson, Thomas",115
"Bache, Richard","Franklin, Benjamin",114
"Thornton, William","Washington, George",114
"Franklin, Benjamin","Lee, Arthur",113
"Moylan, Stephen","Washington, George",113
"Mifflin, Thomas","Washington, George",113
"Jefferson, Thomas","Trumbull, John",113
"Lee, Henry","Madison, James",113
"Granger, Gideon","Jefferson, Thomas",113
"Gelston, David","Jefferson, Thomas",113
"Adams, Abigail Smith","Tufts, Cotton",112
"Adams, John","Dana, Francis",112
"Hamilton, Alexander","Stevens, Ebenezer",112
"Hamilton, Alexander","Swan, Caleb",112
"Jefferson, Thomas","Munroe, Thomas",112
"Brillon de Jouy, Anne-Louise Boivin d’Hardancourt","Franklin, Benjamin",111
"Bondfield, John","Franklin, Benjamin",111
"Jefferson, Thomas","Steuben, Friedrich Wilhelm Ludolf Gerhard Augustin Baron [von]",111
"Jefferson, Thomas","Mazzei, Philip",111
"Jefferson, Thomas","Muter, George",111
"Appleton, Thomas","Jefferson, Thomas",111
"Jefferson, Thomas","Patterson, Robert",111
"Hammond, George","Jefferson, Thomas",110
"Hamilton, Alexander","Short, William",109
"Jefferson, Thomas","United States Congress,",109
"American Commissioners,","Williams, Jonathan Jr.",108
"Lee, Arthur","Williams, Jonathan Jr.",107
"Armstrong, John Jr.","Madison, James",107
"Adams, John","Dumas, C. W. F.",106
"Lear, Tobias","Madison, James",106
"Du Pont de Nemours, Pierre Samuel","Jefferson, Thomas",106
"Harrison, Benjamin","Jefferson, Thomas",105
"Adams, John","Adams, Thomas Boylston",105
"Adams, John","Lovell, James",104
"Delany, Sharp","Hamilton, Alexander",104
"Hamilton, Alexander","Whipple, Joseph",104
"Washington, George","Wolcott, Oliver Jr.",103
"Hamilton, Alexander","Jay, John",102
"Hamilton, Alexander","Hodgdon, Samuel",102
"Dickinson, Philemon","Washington, George",101
"Madison, James","Yrujo, Carlos Martínez de",101
"Cabell, Joseph C.","Madison, James",101
"Hazen, Moses","Washington, George",100
"Adams, John","Rush, Richard",100
"Madison, James","Rush, Richard",100
"Jefferson, Thomas","Lincoln, Levi",99
"Cooke, Nicholas","Washington, George",98
"Duportail, Antoine-Jean-Louis Le Bègue de Presle","Washington, George",98
"Franklin, Benjamin","Mecom, Jane",97
"Lee, Richard Henry","Washington, George",97
"Gordon, William","Washington, George",96
"Digges, Thomas","Franklin, Benjamin",96
"Barclay, Thomas","Jefferson, Thomas",96
"Commissioners for the District of Columbia,","Washington, George",96
"Jefferson, Thomas","Rodney, Caesar Augustus",96
"Adams, George Washington","Adams, Louisa Catherine Johnson",96
"Barbeu-Dubourg, Jacques","Franklin, Benjamin",95
"Washington, George","Whitting, Anthony",95
"Jefferson, Thomas","Leiper, Thomas",94
"Genet, Edmond Charles","Jefferson, Thomas",94
"Stephen, Adam","Washington, George",93
"Adams, John","Tufts, Cotton",93
"Spotswood, Alexander","Washington, George",93
"Adams, Abigail Smith","Lovell, James",93
"Stewart, Robert","Washington, George",92
"Franklin, Benjamin","Jay, John",92
"Deane, Silas","Williams, Jonathan Jr.",92
"Hamilton, Alexander","Schuyler, Philip",92
"Adams, John","Willink, Wilhem & Jan (business)",92
"Cathalan, Stephen Jr.","Jefferson, Thomas",92
"Franklin, Benjamin","Morris, Robert",91
"Smith, William Stephens","Washington, George",91
"Humphreys, David","Washington, George",91
"Duane, William","Jefferson, Thomas",91
"Adams, Abigail Smith","Welsh, Harriet",91
"Franklin, Benjamin","LeRoy, Jean Baptiste",90
"Johnson, Thomas","Washington, George",90
"Adams, John","Marshall, John",89
"Franklin, Benjamin","Franklin, William",88
"Malcom, William","Washington, George",88
"Adams, John","Livingston, Robert R.",88
"Jefferson, Thomas","Morris, Gouverneur",88
"Franklin, Benjamin","Parker, James",87
"Huntington, Jedediah","Washington, George",87
"Clinton, Henry","Washington, George",87
"Hamilton, Alexander","Willink, Jan",87
"Hamilton, Alexander","Willink, Wilhelm",87
"Jefferson, Thomas","Pinckney, Thomas",87
"Hamilton, Alexander","Rice, Nathan",87
"Adams, Charles Francis","Adams, Louisa Catherine Johnson",87
"Cabell, William H.","Jefferson, Thomas",86
"Ward, Artemas","Washington, George",86
"Washington, George","Washington, George Augustine",86
"Hamilton, Alexander","Hubbard, Nicholas",86
"Hamilton, Alexander","Van Staphorst, Jacob",86
"Hamilton, Alexander","Van Staphorst, Nicholaas",86
"Adams, Thomas Boylston","Shaw, William Smith",86
"Hand, Edward","Washington, George",85
"Adams, John","Staphorst, Nicolaas & Jacob van (business)",85
"Adams, John","Smith, William Stephens",85
"Jefferson, Thomas","Yancey, Joel",85
"Washington, George","Woodford, William",84
"Adams, John","Warren, Mercy Otis",84
"Adams, John","Bondfield, John",84
"Franklin, Benjamin","Lafayette, Marie-Joseph-Paul-Yves-Roch-Gilbert du Motier marquis de",84
"Adams, Charles","Adams, John",83
"Washington, Bushrod","Washington, George",83
"Scott, Gustavus","Washington, George",83
"Jefferson, Thomas","Wistar, Caspar",83
"Hamilton, Alexander","Pinckney, Charles Cotesworth",83
"Howe, William","Washington, George",82
"Schuyler, Philip John","Washington, George",82
"Adams, John","Willink, Wilhelm",82
"Knox, Henry","Lear, Tobias",82
"Collinson, Peter","Franklin, Benjamin",81
"Adams, John","Willink, Jan",81
"Jefferson, Thomas","Lear, Tobias",81
"Madison, James","Wagner, Jacob",81
"Jefferson, Thomas","Oldham, James",81
"Jefferson, Thomas","Warden, David Bailie",81
"Muse, Battaile","Washington, George",80
"Hay, George","Jefferson, Thomas",80
"Adams, George Washington","Adams, John Quincy",80
"Adams, Abigail Smith","Thaxter, John",79
"Jefferson, Thomas","Jones & Howell,",79
"Congress,","Madison, James",79
"Jefferson, Thomas","Livingston, Robert R.",78
"Hamilton, Alexander","Parker, Thomas",78
"Madison, James","Turreau de Garambouville, Louis-Marie",78
"Henry, Patrick","Washington, George",77
"Bland, Theodorick","Washington, George",77
"Shreve, Israel","Washington, George",77
"Madison, James","Skipwith, Fulwar",77
"Anonymous,","Jefferson, Thomas",77
"Hamilton, Alexander","Knox, Henry",76
"Alexander, William Lord Stirling","Washington, George",76
"Adams, John","Cunningham, William",76
"Madison, James","Taylor, James",76
"Adams, John Quincy","Madison, James",76
"Madison, James","Yznardy, Josef",76
"Gerry, Elbridge","Madison, James",76
"Fairfax, Bryan","Washington, George",75
"Franklin, Benjamin","Galloway, Joseph",75
"Madison, James",Unknown,75
"Cooper, Samuel","Franklin, Benjamin",74
"Sheldon, Elisha","Washington, George",74
"Bondfield, John","Jefferson, Thomas",74
"Eaton, William","Madison, James",74
"Coolidge, Ellen Wayles Randolph","Jefferson, Thomas",74
"Gilmer, Francis Walker","Jefferson, Thomas",74
"Adams, John","Boylston, Ward Nicholas",74
"Washington, George","Washington, John Augustine",73
"Varnum, James Mitchell","Washington, George",73
"Jefferson, Thomas","Jefferson, Thomas",73
"Adams, John","Barclay, Thomas",73
"Erskine, David Montague","Madison, James",73
"Coles, Edward","Madison, James",73
"Boucher, Jonathan","Washington, George",72
"Gates, Horatio","Jefferson, Thomas",72
"Carey, Mathew","Jefferson, Thomas",72
"Fairfax, George William","Washington, George",71
"American Commissioners,","Dumas, Charles-Guillaume-Frédéric",71
"Wadsworth, Jeremiah","Washington, George",71
"Muhlenberg, Peter","Washington, George",71
"Davies, William","Jefferson, Thomas",71
"Jefferson, Thomas","Paine, Thomas",71
"Kirkpatrick, William","Madison, James",71
"Jefferson, Thomas","Milligan, Joseph",71
"Brodhead, Daniel","Washington, George",70
"Currie, James","Jefferson, Thomas",70
"Carrington, Edward","Madison, James",70
"Dumas, Charles-Guillaume-Frédéric","Lee, Arthur",69
"Board of Trade,","Jefferson, Thomas",69
"Franklin, Benjamin","Hodgson, William",69
"Jefferson, Martha (Martha Jefferson Randolph)","Jefferson, Thomas",69
"Appleton, Nathaniel","Hamilton, Alexander",69
"Brown, James","Jefferson, Thomas",69
"Jefferson, Thomas","Thornton, William",69
"Cutts, Richard","Madison, James",69
"Anderson, James","Washington, George",68
"Adams, John","Cranch, Richard",67
"Jefferson, Thomas","Stuart, Archibald",67
"Jefferson, Thomas","Smith, Samuel Harrison",67
"Dinsmore, James","Jefferson, Thomas",67
"Irvine, William","Washington, George",66
"Jefferson, Thomas","Rush, Benjamin",66
"Lafayette, Marie-Joseph-Paul-Yves-Roch-Gilbert du Motier marquis de","Madison, James",66
"Jefferson, Thomas","Tatham, William",66
"Adams, John","United States Congress,",66
"Davis, George","Madison, James",66
"Livingston, Robert R.","Washington, George",65
"Franklin, Benjamin","Vaughan, Benjamin",65
"Barlow, Joel","Jefferson, Thomas",65
"Hamilton, Alexander","Wilkinson, James",65
"Franklin, Benjamin","Hall, David",64
"Glover, John","Washington, George",64
"Claiborne, Richard","Jefferson, Thomas",64
"Jefferson, Thomas","Newton, Thomas",64
"Jefferson, Thomas","Maury, James",64
"Derieux, Justin Pierre Plumard","Jefferson, Thomas",64
"Madison, James","Taylor, Hubbard",64
"Hamilton, Alexander","Hamtramck, John F.",64
"Dougherty, Joseph","Jefferson, Thomas",64
"Armstrong, John","Washington, George",63
"Jefferson, Thomas","Wythe, George",63
"McKean, Thomas","Washington, George",63
"Adams, John","Dumas, Charles-Guillaume-Frédéric",63
"Phillips, William","Washington, George",63
"Adams, John","Vergennes, Charles Gravier comte de",63
"Adams, John","Lee, Arthur",63
"Hay, Udny","Washington, George",63
"Jefferson, Thomas","Lyle, James",63
"Jefferson, Thomas","Wirt, William",63
"Crowninshield, Benjamin W.","Madison, James",63
"Hamilton, Alexander","Morris, Gouverneur",62
"Cutting, John Brown","Jefferson, Thomas",62
"Newenham, Edward","Washington, George",62
"Jefferson, Thomas","Pinckney, Charles",62
"Barton, Benjamin Smith","Jefferson, Thomas",62
"Jefferson, Thomas","Wilkinson, James",62
"Custis, John Parke","Washington, George",61
"Adams, John","Trumbull, John",61
"Adams, John","Lafayette, Marie-Joseph-Paul-Yves-Roch-Gilbert du Motier marquis de",61
"Cocke, John Hartwell","Jefferson, Thomas",61
"Franklin, Benjamin","Ingenhousz, Jan",60
"Franklin, Benjamin","Grand, Rodolphe-Ferdinand",60
"Armand Tuffin, Charles marquis de La Rouërie","Washington, George",60
"Lee, Thomas Sim","Washington, George",60
"Stark, John","Washington, George",60
"Estaing, Charles-Hector Théodat comte d’","Washington, George",60
"Adams, John","Digges, Thomas",60
"Jefferson, Thomas","Taylor, John",60
"Franklin, Benjamin","Livingston, Robert R.",60
"Carleton, Guy","Washington, George",60
"Adams, Abigail Smith","Jefferson, Thomas",60
"Jefferson, Thomas","Paradise, Lucy Ludwell",60
"Hamilton, Alexander","Lee, Charles",60
"Hamilton, Alexander","Jackson, Daniel",60
"Adams, George Washington","Adams, John",60
"Bayley, Jacob","Washington, George",59
"Skinner, Abraham","Washington, George",59
"Jefferson, Thomas","Wood, James",59
"Madison, James","Madison, James (Reverend)",59
"Hanson, John","Washington, George",59
"Eppes, Mary Jefferson","Jefferson, Thomas",59
"Jefferson, Thomas","Waterhouse, Benjamin",59
"Jefferson, Thomas","Yznardi, Joseph Sr.",59
"Clark, Daniel","Madison, James",59
"Claiborne, William Charles Coles","Madison, James",59
"Adams, John","Tudor, William",58
"Carmichael, William","Franklin, Benjamin",58
"Hamilton, Alexander","Wadsworth, Jeremiah",58
"Franklin, Benjamin","Landais, Pierre",58
"Hopkinson, Francis","Jefferson, Thomas",58
"Gelston, David","Madison, James",58
"Jefferson, Thomas","Leitch, James",58
"Franklin, Benjamin","Norris, Isaac",57
"Cushing, Thomas","Franklin, Benjamin",57
"Adams, John","Ward, Joseph",57
"Coffyn, Francis","Franklin, Benjamin",57
"Ellicott, Andrew","Jefferson, Thomas",57
"Dearborn, Henry","Madison, James",57
"Harris, Levett","Madison, James",57
"Girardin, Louis Hue","Jefferson, Thomas",57
"Crawford, William Harris","Madison, James",57
"Jefferson, Thomas","Smith, John",56
"Jefferson, Thomas","Senate,",56
"Madison, James","Smith, Samuel",56
"Madison, James","Newton, Thomas",56
"Carey, Mathew","Madison, James",56
"Foronda, Valentin de","Madison, James",56
"Allen, William","Madison, James",56
"Mercer, Hugh","Washington, George",55
"Fitzgerald, John","Washington, George",55
"Adams, John","Washington, George",55
"Deane, Silas","Franklin, Benjamin",55
"Greene, William","Washington, George",55
"Adams, John","La Lande & Fynje, de (business)",55
"Lewis, Robert","Washington, George",55
"Jefferson, Thomas","Smith, William Stephens",55
"Adams, John","Hamilton, Alexander",55
"Hamilton, Alexander","Tousard, Lewis",55
"Jackson, John G.","Madison, James",55
"Appleton, Thomas","Madison, James",55
"Clinton, DeWitt","Madison, James",55
"Madison, James","Smith, Robert",55
"Delaplaine, Joseph","Jefferson, Thomas",55
"Franklin, Benjamin","Washington, George",54
"Adams, John","Knox, Henry",54
"Adams, John","McKean, Thomas",54
"Hamilton, Alexander","Lee, Henry",54
"Board of War,","Jefferson, Thomas",54
"Jefferson, Thomas","Lambert, William",54
"Clinton, DeWitt","Jefferson, Thomas",54
"Jefferson, Thomas","Randolph, Thomas Eston",54
"Dunglison, Robley","Madison, James",54
"Cocke, John Hartwell","Madison, James",54
"Colden, Cadwallader","Franklin, Benjamin",53
"Dandridge, Bartholomew Jr.","Washington, George",53
"Morgan, Daniel","Washington, George",53
"Varick, Richard","Washington, George",53
"Clark, John Jr.","Washington, George",53
"Franklin, Benjamin","Neufville, Jean de & Fils (business)",53
"Washington, George","Willett, Marinus",53
"Adams, John Quincy","Johnson, Louisa Catherine",53
"Briggs, Isaac","Jefferson, Thomas",53
"Adams, John","Carey, Mathew",53
"Stoddert, Benjamin","Washington, George",52
"Jefferson, Thomas","Lee, William",52
"Jefferson, Thomas","Jones, John Paul",52
"Adams, Abigail Smith","Smith, William Stephens",52
"Adams, John","Van Staphorst, Jacob",52
"Jefferson, Thomas","Trist, Elizabeth House",52
"Adams, John Quincy","Shaw, William Smith",52
"Jefferson, Thomas","Spafford, Horatio Gates",52
"Jefferson, Thomas","Laval, John",52
"Fitzhugh, William","Washington, George",51
"Adams, John","Adams, Samuel",51
"Van Schaick, Goose","Washington, George",51
"Washington, George","White, Alexander",51
"Jefferson, Thomas","Lee, Henry",51
"Grasse-Tilly, François-Joseph-Paul comte de","Washington, George",51
"Barnet, Isaac Cox","Madison, James",51
"Graham, George","Madison, James",51
"Franklin, Benjamin","Wharton, Samuel",50
"Adams, John","Smith, Isaac Sr.",50
"Adams, John","Thaxter, John",50
"Tilghman, Tench","Washington, George",50
"Jackson, William","Washington, George",50
"Chaloner, John","Hamilton, Alexander",50
"Cosway, Maria","Jefferson, Thomas",50
"Hamilton, Alexander","Harrison, Richard",50
"Gray, Vincent","Madison, James",50
